{
    "dataSources": {
        "1": {
            "props": {
                "strategyName": "rr",
                "realDss": [
                    "c3p0DataSource1"
                ]
            }
        }
    },
    "shardIndex": 1,
    "indexTableMap": {
        "GRADE_BATCH_INDEX": [
            {
                "name": "batch_id",
                "columnType": "long",
                "columnName": "batch_id",
                "length": 32
            }
        ]
    },
    "segmentTables": [],
    "realDataSources": {
        "c3p0DataSource1": {
            "beanClass": "com.mchange.v2.c3p0.ComboPooledDataSource",
            "props": {
                "acquireRetryAttempts": "30",
                "acquireRetryDelay": "100",
                "maxIdleTime": "3",
                "unreturnedConnectionTimeout":"300",
                "testConnectionOnCheckout": "false",
                "breakAfterAcquireFailure": "false",
                "password": "93f0cb0614",
                "acquireIncrement": "100",
                "idleConnectionTestPeriod": "60",
                "maxPoolSize": "4",
                "maxStatements": "10",
                "minPoolSize": "1",
                "driverClass": "com.mysql.jdbc.Driver",
                "initialPoolSize": "1",
                "jdbcUrl": "jdbc:mysql://localhost:3306/grade?rewriteBatchedStatements=true&characterEncoding=utf-8",
                "user": "root"
            }
        }
    }
}